startphrase,completion
"His temper was a marshmallow.That is to say,", it was soft and fluffy and easy to melt
"His temper was a marshmallow.That is to say,", it was soft and fluffy
"His temper was a marshmallow.That is to say,",until he met me
"His temper was a marshmallow.That is to say,"," he was very easily angered, and once he was, he was very hard to cool down"
"He has the belly of an unblown balloon.That is to say,", he is fat
"He has the belly of an unblown balloon.That is to say,", he is fat
"He has the belly of an unblown balloon.That is to say,", he is a big man
"He has the belly of an unblown balloon.That is to say,", he is a fat man
"The razor has the cutting power of a cartoon cat's claws.That is to say,", it's not very sharp
"The razor has the cutting power of a cartoon cat's claws.That is to say,", it cuts hair
"The razor has the cutting power of a cartoon cat's claws.That is to say,", it doesn't
"The razor has the cutting power of a cartoon cat's claws.That is to say,"," it cuts, but not very well"
"The sadness of her death was a planet.That is to say,"," the sadness of her death was a planet, a planet of sadness"
"The sadness of her death was a planet.That is to say,", it was a force of nature
"The sadness of her death was a planet.That is to say,"," she was a planet, and the sadness was a planet"
"The sadness of her death was a planet.That is to say,", it was a ball of sadness
"The villain is as beautiful as the Joker.That is to say,"," he is a man with a disfigured face, but he is not a character with a face that is ugly to the point of being scary"
"The villain is as beautiful as the Joker.That is to say,", he's not
"The villain is as beautiful as the Joker.That is to say,", he is a freak
"The villain is as beautiful as the Joker.That is to say,", he is the most beautiful of all the villains in the DC universe
"The child has the energy of a sloth.That is to say,", he is lazy
"The child has the energy of a sloth.That is to say,", he is lazy
"The child has the energy of a sloth.That is to say,", she is a slow mover
"The child has the energy of a sloth.That is to say,", he is a sloth
"The fortress appears as a pebble.That is to say,"," it is a pebble, a stone, a piece of rock, a boulder, a lump of earth"
"The fortress appears as a pebble.That is to say,", it is not visible to the naked eye
"The fortress appears as a pebble.That is to say,", it is a pebble that is a fortress
"The fortress appears as a pebble.That is to say,", it is a pebble that is the size of a fortress
"The girl moved as fast as a cheetah.That is to say,", she moved faster than any other girl I'd ever seen
"The girl moved as fast as a cheetah.That is to say,", she moved as fast as a cheetah would if it were a human girl
"The girl moved as fast as a cheetah.That is to say,", faster than a human
"The girl moved as fast as a cheetah.That is to say,", she moved fast
"The event planning was met with clear skies.That is to say,", the weather was perfect
"The event planning was met with clear skies.That is to say,", the weather was perfect
"The event planning was met with clear skies.That is to say,", the planners had to work with the weather and the weather was not cooperating
"The event planning was met with clear skies.That is to say,", the weather was just right
"School is a prison.That is to say,", school is a prison for the mind
"School is a prison.That is to say,"," it is a place of confinement, where the inmates are expected to follow the rules of the institution"
"School is a prison.That is to say,"," it is a place where children are forced to spend long periods of time, where they are forced to do things they would not otherwise do, where they"
"School is a prison.That is to say,"," it is a place where you are forced to be with people you don't want to be with, do things you don't want to do, and"
"The room felt like a furnace.That is to say,", it was a normal room
"The room felt like a furnace.That is to say,", it was a bit hot
"The room felt like a furnace.That is to say,"," the temperature was normal, but the atmosphere was stifling"
"The room felt like a furnace.That is to say,", it felt like a furnace to me
"Vanity is the tailwind of reason.That is to say,"," when you are doing something that is good for you, you feel good about it, and you feel good about doing it"
"Vanity is the tailwind of reason.That is to say,"," the more you have of it, the more you'll have of reason"
"Vanity is the tailwind of reason.That is to say,"," the more you are aware of your own flaws, the less you are likely to be swayed by them"
"Vanity is the tailwind of reason.That is to say,"," the more reason we have, the more we want"
"This guy has the charisma of a ball of clay.That is to say,", he has no charisma
"This guy has the charisma of a ball of clay.That is to say,", he doesn't have any
"This guy has the charisma of a ball of clay.That is to say,", he has no charisma at all
"This guy has the charisma of a ball of clay.That is to say,", he has no charisma
"A chemical reaction is like a riot.That is to say,", it is a violent process
"A chemical reaction is like a riot.That is to say,", it is a violent process
"A chemical reaction is like a riot.That is to say,", a chemical reaction is a process that involves the collision of molecules
"A chemical reaction is like a riot.That is to say,", it is an uncontrolled and dangerous event
"The sadness of her death was a flea.That is to say,", it was not a big deal
"The sadness of her death was a flea.That is to say,", it was a flea that was a flea
"The sadness of her death was a flea.That is to say,", it was a flea that was a flea
"The sadness of her death was a flea.That is to say,", it was a flea that was a sadness
"The man was had the strength of a lion.That is to say,", he was very strong
"The man was had the strength of a lion.That is to say,", he was stronger than any human being
"The man was had the strength of a lion.That is to say,", he was very strong
"The man was had the strength of a lion.That is to say,", he was a very strong man
"She had all the honesty of a corporate lawyer.That is to say,", she had none
"She had all the honesty of a corporate lawyer.That is to say,", none
"She had all the honesty of a corporate lawyer.That is to say,", none
"She had all the honesty of a corporate lawyer.That is to say,", none
"The girl moved as fast as a turtle.That is to say,", she moved at a turtle's pace
"The girl moved as fast as a turtle.That is to say,", not very fast
"The girl moved as fast as a turtle.That is to say,"," she moved as fast as a turtle, but she was a turtle"
"The girl moved as fast as a turtle.That is to say,", she moved at a turtle's pace
"He has the attitude of the Grinch at Halloween.That is to say,", he is not happy
"He has the attitude of the Grinch at Halloween.That is to say,", he is a Grinch
"He has the attitude of the Grinch at Halloween.That is to say,", he is in a very bad mood
"He has the attitude of the Grinch at Halloween.That is to say,", he is not happy
"His skill in writing was as sharp as a knife.That is to say,", he was a master of the written word
"His skill in writing was as sharp as a knife.That is to say,", his writing was like a knife
"His skill in writing was as sharp as a knife.That is to say,", he was a good writer
"His skill in writing was as sharp as a knife.That is to say,", it was sharp enough to cut through the most complicated of matters
"He's got the swimming ability of a pack of dolphins.That is to say,", he's got none
"He's got the swimming ability of a pack of dolphins.That is to say,", he can't swim
"He's got the swimming ability of a pack of dolphins.That is to say,", he's not very good at it
"He's got the swimming ability of a pack of dolphins.That is to say,", he can't swim
"My wife's cooking tastes like heaven.That is to say,", it tastes like heaven to me
"My wife's cooking tastes like heaven.That is to say,", it tastes like heaven to me
"My wife's cooking tastes like heaven.That is to say,", it tastes like heaven to me
"My wife's cooking tastes like heaven.That is to say,", it's not very good
"He has the nose of Michaelangelo's David.That is to say,", he has a nose that is perfect in every way
"He has the nose of Michaelangelo's David.That is to say,", it's a big nose
"He has the nose of Michaelangelo's David.That is to say,", he has no nose
"He has the nose of Michaelangelo's David.That is to say,", it is a nose that is perfectly in balance with the rest of his face
"The razor has the cutting power of a declawed kitten.That is to say,", it's a kitten
"The razor has the cutting power of a declawed kitten.That is to say,", it doesn't have any cutting power whatsoever
"The razor has the cutting power of a declawed kitten.That is to say,", it cuts as well as a declawed kitten would
"The razor has the cutting power of a declawed kitten.That is to say,", it does not cut
"That boy has the sense of a rock.That is to say,", he has no sense at all
"That boy has the sense of a rock.That is to say,", he has no sense at all
"That boy has the sense of a rock.That is to say,", he has no sense at all
"That boy has the sense of a rock.That is to say,", he has no sense at all
"My wife's cooking tastes like cardboard.That is to say,", it tastes like cardboard
"My wife's cooking tastes like cardboard.That is to say,", she can't cook
"My wife's cooking tastes like cardboard.That is to say,", it tastes like it's been made from cardboard
"My wife's cooking tastes like cardboard.That is to say,", it tastes like cardboard to me
"The teacher's grading policy was as flexible as a steel beam.That is to say,", it was rigid and unbending
"The teacher's grading policy was as flexible as a steel beam.That is to say,", it was rigid and unbending
"The teacher's grading policy was as flexible as a steel beam.That is to say,", it was rigid as a steel beam
"The teacher's grading policy was as flexible as a steel beam.That is to say,", it was rigid and unbending
"The pillow was as soft as a cloud.That is to say,", it was not soft at all
"The pillow was as soft as a cloud.That is to say,", it was as soft as it was possible for a pillow to be
"The pillow was as soft as a cloud.That is to say,", it was made of clouds
"The pillow was as soft as a cloud.That is to say,", it was as soft as a cloud
"The room felt like a cooler.That is to say,", it felt like a cooler
"The room felt like a cooler.That is to say,", it was a little cold
"The room felt like a cooler.That is to say,", it was cold
"The room felt like a cooler.That is to say,"," it felt like a cooler that had been turned on, but was not actually cooling anything"
"The conversation has me feeling like I just ate the whole Thanksgiving turkey.That is to say,", I'm stuffed
"The conversation has me feeling like I just ate the whole Thanksgiving turkey.That is to say,", stuffed
"The conversation has me feeling like I just ate the whole Thanksgiving turkey.That is to say,", I'm feeling stuffed
"The conversation has me feeling like I just ate the whole Thanksgiving turkey.That is to say,", I feel stuffed
"The military is as organized as a toddler's bedroom.That is to say,", not very
"The military is as organized as a toddler's bedroom.That is to say,", not very
"The military is as organized as a toddler's bedroom.That is to say,", not very
"The military is as organized as a toddler's bedroom.That is to say,", it's a mess
"The ball is a big red sun.That is to say,", the ball is a big red sun
"The ball is a big red sun.That is to say,", the ball is a big red sun
"The ball is a big red sun.That is to say,", it is a sphere
"The ball is a big red sun.That is to say,", the ball is a big red sun
"The actor has the fame of a box of rocks.That is to say,", he is famous for being famous
"The actor has the fame of a box of rocks.That is to say,", he is famous for being famous
"The actor has the fame of a box of rocks.That is to say,", he has the fame of a box of rocks
"The actor has the fame of a box of rocks.That is to say,", he has no fame at all
"This guy has the charisma of a Greek god.That is to say,", he has none
"This guy has the charisma of a Greek god.That is to say,", he has none
"This guy has the charisma of a Greek god.That is to say,", he doesn't have any
"This guy has the charisma of a Greek god.That is to say,", he has none
"This dog is as aggressive as a heavyweight fighter.That is to say,", he is very aggressive
"This dog is as aggressive as a heavyweight fighter.That is to say,", he is very friendly
"This dog is as aggressive as a heavyweight fighter.That is to say,", he is aggressive when he wants to be
"This dog is as aggressive as a heavyweight fighter.That is to say,", he has a lot of energy and is always on the move
"The book plot was as straightforward as a Y-axis.That is to say,", it was a straight line
"The book plot was as straightforward as a Y-axis.That is to say,", it was a straight line
"The book plot was as straightforward as a Y-axis.That is to say,", it was a straight line
"The book plot was as straightforward as a Y-axis.That is to say,", it was a straight line
"The conductor is a demolition derby.That is to say,"," he is a man who has a lot of power over the lives of others, and he uses that power to make himself feel good"
"The conductor is a demolition derby.That is to say,"," it's a lot of people doing a lot of things at once, and the only way to get anything done is to get in people's way"
"The conductor is a demolition derby.That is to say,", the conductor is a demolition derby
"The conductor is a demolition derby.That is to say,", the conductor is a demolition derby
"The fortress appears as a boulder.That is to say,", the fortress is a boulder and a boulder is the fortress
"The fortress appears as a boulder.That is to say,", it is a boulder
"The fortress appears as a boulder.That is to say,"," it is a small boulder that is not visible to the naked eye, but if you look at it with the naked eye, it is a boulder"
"The fortress appears as a boulder.That is to say,", a large rock
"The critic's review of the concert rang of The lavish praise given to a king.That is to say,", the critic praised the king by praising his subjects
"The critic's review of the concert rang of The lavish praise given to a king.That is to say,", the critic was a sycophant
"The critic's review of the concert rang of The lavish praise given to a king.That is to say,", the critic praised the king as if he were a god
"The critic's review of the concert rang of The lavish praise given to a king.That is to say,", it was not a review at all
"The clothing has the smell of roses.That is to say,", it has the smell of the rose
"The clothing has the smell of roses.That is to say,", it is a very good smell
"The clothing has the smell of roses.That is to say,", the smell of the rose is a smell of the rose
"The clothing has the smell of roses.That is to say,", it is the smell of the rose
"The businessman was as aggressive in negotiations as a secretary.That is to say,", he was not
"The businessman was as aggressive in negotiations as a secretary.That is to say,", he was too passive
"The businessman was as aggressive in negotiations as a secretary.That is to say,", he was a very aggressive secretary
"The businessman was as aggressive in negotiations as a secretary.That is to say,", he was very aggressive
"The book's plot was as twisted as a parade of soldiers.That is to say,"," it was a little hard to follow at first, but it was still a very interesting read"
"The book's plot was as twisted as a parade of soldiers.That is to say,", it was a tangled mess
"The book's plot was as twisted as a parade of soldiers.That is to say,", it was not twisted at all
"The book's plot was as twisted as a parade of soldiers.That is to say,", it was convoluted
"Vanity is the quicksand of reason.That is to say,", it is the sinking of reason in the sand of the imagination
"Vanity is the quicksand of reason.That is to say,",it is the quicksand of reason which makes it impossible to reason
"Vanity is the quicksand of reason.That is to say,"," the more you struggle, the more you sink"
"Vanity is the quicksand of reason.That is to say,"," the more we are absorbed in the contemplation of our own excellence, the less we have left over to notice what is actually going on around us"
"The conversation has me sweating like a snowman in the summer.That is to say,", I am sweating
"The conversation has me sweating like a snowman in the summer.That is to say,", I'm sweating a lot
"The conversation has me sweating like a snowman in the summer.That is to say,", I'm sweating a lot
"The conversation has me sweating like a snowman in the summer.That is to say,", I'm sweating a lot
"He's got the swimming ability of a spider in a bathtub.That is to say,", he's not very good at it
"He's got the swimming ability of a spider in a bathtub.That is to say,", he can't swim
"He's got the swimming ability of a spider in a bathtub.That is to say,", he can't swim at all
"He's got the swimming ability of a spider in a bathtub.That is to say,", he doesn't
"The man was had the strength of a sparrow.That is to say,", he was a weakling
"The man was had the strength of a sparrow.That is to say,", he was weak
"The man was had the strength of a sparrow.That is to say,", he was a very weak person
"The man was had the strength of a sparrow.That is to say,", he was weak
"Chromosomes are like a tapestry.That is to say,",they are made up of a long string of genes
"Chromosomes are like a tapestry.That is to say,", they are made up of a lot of threads
"Chromosomes are like a tapestry.That is to say,", they are the threads that make up the fabric of our DNA
"Chromosomes are like a tapestry.That is to say,", they are made up of threads
"The family was as rich as a king.That is to say,", they were rich
"The family was as rich as a king.That is to say,", they were very rich
"The family was as rich as a king.That is to say,", they had a lot of money
"The family was as rich as a king.That is to say,", they were very rich
"For the nation, their army was a a shield.That is to say,", the military was the nation's shield
"For the nation, their army was a a shield.That is to say,", it was a shield to protect the people
"For the nation, their army was a a shield.That is to say,", it was a shield that protected the nation from the invasion of foreign armies
"For the nation, their army was a a shield.That is to say,", it was a shield for the nation
"The actor has the fame of a Roman emperor.That is to say,", he is known to millions
"The actor has the fame of a Roman emperor.That is to say,", he is known all over the world
"The actor has the fame of a Roman emperor.That is to say,", he has the fame of a Roman emperor
"The actor has the fame of a Roman emperor.That is to say,", he is a star
"The pot roast was as tender as a warm doughnut.That is to say,"," it was tender, but it wasn't the kind of tender that you want to eat"
"The pot roast was as tender as a warm doughnut.That is to say,", it had been cooked to perfection
"The pot roast was as tender as a warm doughnut.That is to say,", it was tender
"The pot roast was as tender as a warm doughnut.That is to say,"," it was tender, but not in a good way"
"Her sight is as good as an eagle.That is to say,", she is a real eagle
"Her sight is as good as an eagle.That is to say,", she can see an object clearly at a distance of a mile and a half
"Her sight is as good as an eagle.That is to say,", she can see things from far away
"Her sight is as good as an eagle.That is to say,", her sight is as good as an eagle's
"The man is as sharp as a bowling ball.That is to say,", he's pretty sharp
"The man is as sharp as a bowling ball.That is to say,", he is not very sharp
"The man is as sharp as a bowling ball.That is to say,", he’s as sharp as a bowling ball with a few dents in it
"The man is as sharp as a bowling ball.That is to say,", he's very sharp
"His conversation sounds like a profound speaker.That is to say,", he has a way with words
"His conversation sounds like a profound speaker.That is to say,", he is a man of great wisdom
"His conversation sounds like a profound speaker.That is to say,", he is a great speaker
"His conversation sounds like a profound speaker.That is to say,"," he is a person who is not only good at talking, but also good at listening"
"School is a circus.That is to say,", it feels like a circus
"School is a circus.That is to say,", it is a place where the students are the animals and the teachers are the ringmasters
"School is a circus.That is to say,", it's a place where people go to watch a show
"School is a circus.That is to say,", it is a place where people come to watch the spectacle of other people's lives
"The family was as rich as a pile of dirt.That is to say,", they were rich
"The family was as rich as a pile of dirt.That is to say,", they were dirt poor
"The family was as rich as a pile of dirt.That is to say,", they were not rich at all
"The family was as rich as a pile of dirt.That is to say,", they were very rich
"The job is as easy as tying your shoes.That is to say,", it's not very hard
"The job is as easy as tying your shoes.That is to say,"," it is easy to do, but it is not easy to do well"
"The job is as easy as tying your shoes.That is to say,", it's not
"The job is as easy as tying your shoes.That is to say,", it is not easy at all
"For the nation, their army was a a sword.That is to say,", it was a weapon
"For the nation, their army was a a sword.That is to say,", they were a weapon to be used by the nation
"For the nation, their army was a a sword.That is to say,", the nation's army was a sword that killed the enemy
"For the nation, their army was a a sword.That is to say,", it was a sword that would cut down any enemy that stood in the way of the nation's prosperity
"The event planning hit several storms in the process.That is to say,", the event planning was not a smooth sailing
"The event planning hit several storms in the process.That is to say,", it was an event that was planned by the Japanese government
"The event planning hit several storms in the process.That is to say,", the event planning hit several snags
"The event planning hit several storms in the process.That is to say,", the event planning hit a few snags in the process
"The book plot was as straightforward as uncombed hair.That is to say,", it was a little hard to follow
"The book plot was as straightforward as uncombed hair.That is to say,"," it was tangled, but not in a good way"
"The book plot was as straightforward as uncombed hair.That is to say,", it was a tangled mess
"The book plot was as straightforward as uncombed hair.That is to say,", it was not
"Her sight is as good as a mole.That is to say,", she can see what a mole sees
"Her sight is as good as a mole.That is to say,"," she can see in the dark, but she can't see in the light"
"Her sight is as good as a mole.That is to say,", not very good
"Her sight is as good as a mole.That is to say,", she can see in the dark
"His abs were a wall.That is to say,", his stomach was a wall
"His abs were a wall.That is to say,", he was a wall
"His abs were a wall.That is to say,", he was a wall
"His abs were a wall.That is to say,", they were a wall
"It's as loud as a hurricane.That is to say,", it's loud enough to wake up anyone in the house
"It's as loud as a hurricane.That is to say,", it's loud
"It's as loud as a hurricane.That is to say,", it's a bit loud
"It's as loud as a hurricane.That is to say,", it's loud
"Chromosomes are like spaghetti.That is to say,"," they’re long, thin, and you can’t eat them"
"Chromosomes are like spaghetti.That is to say,"," they are long, thin strands of DNA that are coiled up inside each cell"
"Chromosomes are like spaghetti.That is to say,", they are long and thin
"Chromosomes are like spaghetti.That is to say,"," they are long, thin, and hard to break"
"The groom was feeling like a raindrop on a grave.That is to say,"," he was feeling like a raindrop on a grave, in a grave, and he was feeling like a raindrop on a grave, in a grave"
"The groom was feeling like a raindrop on a grave.That is to say,", he was feeling like a raindrop on a grave that had been freshly dug for his brother
"The groom was feeling like a raindrop on a grave.That is to say,", he was feeling like he was going to cry
"The groom was feeling like a raindrop on a grave.That is to say,", he was feeling sad
"he is as adventurous as a pioneer.That is to say,", he is not
"he is as adventurous as a pioneer.That is to say,", he is not averse to taking risks
"he is as adventurous as a pioneer.That is to say,", he is a coward
"he is as adventurous as a pioneer.That is to say,", he is not a pioneer
"The pillow was as soft as a cement slab.That is to say,", it was hard
"The pillow was as soft as a cement slab.That is to say,", it was soft
"The pillow was as soft as a cement slab.That is to say,", it was not soft at all
"The pillow was as soft as a cement slab.That is to say,", it was hard
"The pot roast was as tender as a boulder encased in concrete.That is to say,", it was as tender as a boulder encased in concrete
"The pot roast was as tender as a boulder encased in concrete.That is to say,", it was tough as hell
"The pot roast was as tender as a boulder encased in concrete.That is to say,"," it was tender, but it was also very, very hard"
"The pot roast was as tender as a boulder encased in concrete.That is to say,", it was tough and rubbery
"He has the nose of an elephant with a sinus infection.That is to say,", he has a big nose
"He has the nose of an elephant with a sinus infection.That is to say,", he smells everything
"He has the nose of an elephant with a sinus infection.That is to say,", he has a big honker
"He has the nose of an elephant with a sinus infection.That is to say,", he has a large nose
"The clothing has the smell of a crowded gym.That is to say,", it smells like a gym after a crowded workout
"The clothing has the smell of a crowded gym.That is to say,"," it's not a bad smell, but it's not a good smell either"
"The clothing has the smell of a crowded gym.That is to say,", it smells like the inside of a locker room
"The clothing has the smell of a crowded gym.That is to say,", it smells like a locker room
"The girl's facial expression was as clear as pea soup.That is to say,", she was angry
"The girl's facial expression was as clear as pea soup.That is to say,", she was extremely shocked
"The girl's facial expression was as clear as pea soup.That is to say,", she was very happy
"The girl's facial expression was as clear as pea soup.That is to say,", she was completely stunned
"Raising a puppy is doing laps in a warm pool.That is to say,", it is a lot of work
"Raising a puppy is doing laps in a warm pool.That is to say,", it's a lot of work
"Raising a puppy is doing laps in a warm pool.That is to say,", it's easy
"Raising a puppy is doing laps in a warm pool.That is to say,", it's easy
"His drive home was a party.That is to say,"," a drunken, drug-addled, sex-crazed party"
"His drive home was a party.That is to say,", it was a party for him
"His drive home was a party.That is to say,", it was a party if you were a cop
"His drive home was a party.That is to say,", he was a party
"His conversation sounds like a broken record.That is to say,", he has a tendency to repeat himself
"His conversation sounds like a broken record.That is to say,", he repeats himself a lot
"His conversation sounds like a broken record.That is to say,", he repeats himself a lot
"His conversation sounds like a broken record.That is to say,", it's the same thing over and over and over again
"The child has the energy of a cheetah.That is to say,", he is fast
"The child has the energy of a cheetah.That is to say,", he is always on the move
"The child has the energy of a cheetah.That is to say,", he is always on the move
"The child has the energy of a cheetah.That is to say,", he is very active
"The military is as organized as a chessboard.That is to say,", it is organized for the purpose of killing people
"The military is as organized as a chessboard.That is to say,","it is organized for attack,not for defence"
"The military is as organized as a chessboard.That is to say,", it is as organized as a game of chess would be if the pieces had minds of their own and if you could never be sure whether you had a
"The military is as organized as a chessboard.That is to say,", it is very much organized in a way that allows you to see the whole picture
"His abs were marshmallows.That is to say,", they were soft and squishy
"His abs were marshmallows.That is to say,", they were soft and squishy
"His abs were marshmallows.That is to say,", they were soft and squishy
"His abs were marshmallows.That is to say,", they were soft and squishy
"The critic's review of the concert rang of A disapproving rant from an angry mother.That is to say,"," it was the type of review that was written by someone who was not there, and had no idea what was going on"
"The critic's review of the concert rang of A disapproving rant from an angry mother.That is to say,"," it was a review that was not written by a critic, but by a mother who was angry at her son for going to a concert"
"The critic's review of the concert rang of A disapproving rant from an angry mother.That is to say,", it was a typical review
"The critic's review of the concert rang of A disapproving rant from an angry mother.That is to say,", it was a bit over the top
"A chemical reaction is like a ballroom dance.That is to say,"," it is a sequence of steps that take place in a specific order, and it is accompanied by a lot of intricate footwork"
"A chemical reaction is like a ballroom dance.That is to say,", it is a sequence of steps that are executed in a particular order
"A chemical reaction is like a ballroom dance.That is to say,", the partners are constantly changing partners
"A chemical reaction is like a ballroom dance.That is to say,", it is a sequence of steps
"He had funnels in his ears throughout the lecture.That is to say,", he had a pair of earphones in his ears and a pair of earphones in his lap
"He had funnels in his ears throughout the lecture.That is to say,", he had a hearing aid
"He had funnels in his ears throughout the lecture.That is to say,", he was listening to music through earphones
"He had funnels in his ears throughout the lecture.That is to say,", he was listening to music
"The groom was feeling like a pig in mud.That is to say,", he was feeling as happy as a pig in mud
"The groom was feeling like a pig in mud.That is to say,", he was feeling happy
"The groom was feeling like a pig in mud.That is to say,", he was feeling very happy
"The groom was feeling like a pig in mud.That is to say,", he was feeling very happy
"This dog is as aggressive as a cotton ball.That is to say,", not very aggressive at all
"This dog is as aggressive as a cotton ball.That is to say,", not very
"This dog is as aggressive as a cotton ball.That is to say,", not at all
"This dog is as aggressive as a cotton ball.That is to say,", not very
"The chair was a foundation.That is to say,", it was the foundation of the entire building
"The chair was a foundation.That is to say,", it was a place of stability
"The chair was a foundation.That is to say,", it was the foundation of the house
"The chair was a foundation.That is to say,", the chair was a foundation
"he is as adventurous as a sofa bed.That is to say,", he is not adventurous at all
"he is as adventurous as a sofa bed.That is to say,", he's not at all adventurous
"he is as adventurous as a sofa bed.That is to say,", not adventurous at all
"he is as adventurous as a sofa bed.That is to say,", he is not
"The girl's facial expression was as clear as a windowpane.That is to say,", it was completely transparent
"The girl's facial expression was as clear as a windowpane.That is to say,", she was shocked
"The girl's facial expression was as clear as a windowpane.That is to say,"," she was looking at the man with a face that said, ""You're lying"
"The girl's facial expression was as clear as a windowpane.That is to say,", it was completely transparent
"She had all the honesty of a sinner at confession.That is to say,", she lied
"She had all the honesty of a sinner at confession.That is to say,", she lied like a trooper
"She had all the honesty of a sinner at confession.That is to say,", she lied like a saint
"She had all the honesty of a sinner at confession.That is to say,", she lied like a gentleman
"The child has the heart of stone.That is to say,"," the child is cold-blooded, cruel, and unfeeling"
"The child has the heart of stone.That is to say,"," the child is cruel, without pity"
"The child has the heart of stone.That is to say,", the child is a stone
"The child has the heart of stone.That is to say,", he is a very cold and inhuman person who does not care about other people's feelings
"The ball is a pea.That is to say,", it is a pea
"The ball is a pea.That is to say,", it is a pea-sized ball
"The ball is a pea.That is to say,", the ball is a pea
"The ball is a pea.That is to say,", the ball is a pea
"The boy is as daring as a fawn.That is to say,", he is very timid
"The boy is as daring as a fawn.That is to say,", he is very timid
"The boy is as daring as a fawn.That is to say,", he is very timid
"The boy is as daring as a fawn.That is to say,", he is very timid
"His temper was a tempest.That is to say,", his temper was a thing that would not be controlled
"His temper was a tempest.That is to say,"," he was a man of violent passions, easily roused, and as easily calmed"
"His temper was a tempest.That is to say,", it was a very bad temper indeed
"His temper was a tempest.That is to say,"," he was a man of violent passions, which, however, he had the power of controlling"
"The man was as skinny as a broom.That is to say,", he was skinny as a broomstick
"The man was as skinny as a broom.That is to say,", he was as skinny as a broomstick
"The man was as skinny as a broom.That is to say,", he was very thin
"The man was as skinny as a broom.That is to say,", he was as skinny as a broomstick
"The conductor is a sculptor.That is to say,", he is a man who has learned to see
"The conductor is a sculptor.That is to say,", he's a sculptor of sound
"The conductor is a sculptor.That is to say,"," he is a man who works with a material that is more malleable than clay, more fluid than water, more yielding than wax"
"The conductor is a sculptor.That is to say,"," he has the ability to take a mass of material and shape it into a form that is beautiful, useful and functional"
"The villain is as beautiful as an angel in heaven.That is to say,", the villain is an angel
"The villain is as beautiful as an angel in heaven.That is to say,", the villain is as beautiful as an angel in heaven
"The villain is as beautiful as an angel in heaven.That is to say,", he is the most beautiful man in the world
"The villain is as beautiful as an angel in heaven.That is to say,", she is a beauty of the highest order
"That boy has the sense of Einstein.That is to say,", he is a genius
"That boy has the sense of Einstein.That is to say,", he has no sense at all
"That boy has the sense of Einstein.That is to say,", he is a genius
"That boy has the sense of Einstein.That is to say,", he has no sense at all
"It's as loud as the vacuum of space.That is to say,", it's loud
"It's as loud as the vacuum of space.That is to say,", it's loud
"It's as loud as the vacuum of space.That is to say,", it's not loud
"It's as loud as the vacuum of space.That is to say,", it's loud
"The businessman was as aggressive in negotiations as a lawyer.That is to say,", he was aggressive
"The businessman was as aggressive in negotiations as a lawyer.That is to say,", he was not
"The businessman was as aggressive in negotiations as a lawyer.That is to say,", he was a bully
"The businessman was as aggressive in negotiations as a lawyer.That is to say,", he was a bully
"The job is as easy as learning nuclear fission.That is to say,", it's a piece of cake
"The job is as easy as learning nuclear fission.That is to say,"," it is easy to learn, but it is hard to do"
"The job is as easy as learning nuclear fission.That is to say,", it's not easy at all
"The job is as easy as learning nuclear fission.That is to say,", it's not easy at all
"The boy is a lumberjack.That is to say,", he's a lumberjack in training
"The boy is a lumberjack.That is to say,", he is a boy who works in the lumberjack business
"The boy is a lumberjack.That is to say,", he works in a lumberyard
"The boy is a lumberjack.That is to say,", he is a boy who cuts down trees
"He has the attitude of the Grinch at Christmas.That is to say,", he has a heart of stone
"He has the attitude of the Grinch at Christmas.That is to say,", he's a jerk
"He has the attitude of the Grinch at Christmas.That is to say,", he is a Grinch
"He has the attitude of the Grinch at Christmas.That is to say,", he is a grump
"The car ride was as smooth as paper.That is to say,"," it was smooth, but not smooth"
"The car ride was as smooth as paper.That is to say,", it was smooth as the paper that was used to make the car
"The car ride was as smooth as paper.That is to say,", it was bumpy
"The car ride was as smooth as paper.That is to say,", it was smooth
"The teacher's grading policy was as flexible as an Olympic gymnast.That is to say,", she had no policy at all
"The teacher's grading policy was as flexible as an Olympic gymnast.That is to say,", it was nonexistent
"The teacher's grading policy was as flexible as an Olympic gymnast.That is to say,", it was nonexistent
"The teacher's grading policy was as flexible as an Olympic gymnast.That is to say,", not flexible at all
"The chair was a tilt-a-whirl.That is to say,", it was a chair on a tilt-a-whirl
"The chair was a tilt-a-whirl.That is to say,"," it was a chair that was tilted at an angle, and then spun around"
"The chair was a tilt-a-whirl.That is to say,", it was a chair that could spin
"The chair was a tilt-a-whirl.That is to say,", it spun around and around
"The boy is a ballerina.That is to say,", he is a boy who dances ballet
"The boy is a ballerina.That is to say,", he is a male dancer who specializes in ballet
"The boy is a ballerina.That is to say,", he is a boy who dances ballet
"The boy is a ballerina.That is to say,", he is a boy who dances ballet
"His drive home was a beatdown.That is to say,", he was beaten down
"His drive home was a beatdown.That is to say,", he was beaten down
"His drive home was a beatdown.That is to say,", the drive home was not a beatdown
"His drive home was a beatdown.That is to say,", he got beat down by his own mind
"The book's plot was as twisted as a soft pretzel.That is to say,", it was a pretzel
"The book's plot was as twisted as a soft pretzel.That is to say,", it made no sense at all
"The book's plot was as twisted as a soft pretzel.That is to say,", it was a pretzel
"The book's plot was as twisted as a soft pretzel.That is to say,", the plot was a pretzel
"His skill in writing was as sharp as a spoon.That is to say,", he was a great writer
"His skill in writing was as sharp as a spoon.That is to say,", he was a master of the art of writing
"His skill in writing was as sharp as a spoon.That is to say,", he was able to write quickly and smoothly
"His skill in writing was as sharp as a spoon.That is to say,", he was a master of the art of writing
"The child has the heart of gold.That is to say,", the child is innocent and pure
"The child has the heart of gold.That is to say,", he is a good boy
"The child has the heart of gold.That is to say,", the child is very kind
"The child has the heart of gold.That is to say,", the child has the heart of gold
"The boy is as daring as a roaring lion.That is to say,", he is a very brave boy
"The boy is as daring as a roaring lion.That is to say,", he is very bold
"The boy is as daring as a roaring lion.That is to say,", he is very brave
"The boy is as daring as a roaring lion.That is to say,", he is very brave
"The man is as sharp as needle.That is to say,", the man is as sharp as a needle
"The man is as sharp as needle.That is to say,", he is as sharp as a needle
"The man is as sharp as needle.That is to say,", he is sharp like a needle
"The man is as sharp as needle.That is to say,", he is very smart
"He has the belly of a bloated whale carcass.That is to say,", he's fat
"He has the belly of a bloated whale carcass.That is to say,", he has the belly of a bloated whale carcass
"He has the belly of a bloated whale carcass.That is to say,", he is fat
"He has the belly of a bloated whale carcass.That is to say,", he is fat
"The car ride was as smooth as an alligator's skin.That is to say,", not smooth at all
"The car ride was as smooth as an alligator's skin.That is to say,", not smooth at all
"The car ride was as smooth as an alligator's skin.That is to say,", not smooth at all
"The car ride was as smooth as an alligator's skin.That is to say,", it was bumpy
"The man was as skinny as a sumo wrestler.That is to say,", he was extremely skinny
"The man was as skinny as a sumo wrestler.That is to say,", he was skinny
"The man was as skinny as a sumo wrestler.That is to say,", he was skinny
"The man was as skinny as a sumo wrestler.That is to say,", he was skinny
"Raising a puppy is a walk through quicksand.That is to say,", it's a lot of hard work
"Raising a puppy is a walk through quicksand.That is to say,", it's a difficult task
"Raising a puppy is a walk through quicksand.That is to say,", it's a constant battle
"Raising a puppy is a walk through quicksand.That is to say,", it is a constant challenge
"He had cotton in his ears throughout the lecture.That is to say,", he was not listening
"He had cotton in his ears throughout the lecture.That is to say,", he had cotton in his ears throughout the lecture
"He had cotton in his ears throughout the lecture.That is to say,", he was not listening to the lecture
"He had cotton in his ears throughout the lecture.That is to say,", he was listening to music
