startphrase,ending1,ending2,correct_label
So many responsibilities had Joe about as hungry as a whale,Joe was very hungry because of his responsibilities.,Joe was not very hungry because he had so much to do.,0
The ball is a big red sun,The ball is large and red.,The ball is small.,0
The boss was as angry as a charging rhinoceros,The boss was vrey upset.,The boss was even-tempered.,0
Her hair is A waterfall,Her hair is reflective and shiny.,Her hair is dry and lifeless.,0
Inflation is as high as the mariana trench,Inflation is very low.,Inflation is very high.,0
The nuclear reaction happened like falling dominoes,There were multiple steps to the reaction.,The reaction happened all at once.,0
The air felt like knives against her skin,The air was so freezing it hurt.,The air was hot and humid.,0
Love is an economic exchange,It's purely finance.,It's god like.,0
The hyperlink has the functionality of a brand new car,The hyperlink functions perfectly.,The hyperlink doesn't work.,0
The girl had the speed of a fast-food line worker,The girl is fast.,The girl is slow.,0
Her presence at the wedding was as expected as a nudist at a Baptist tent revival,Her presence at the wedding was unexpected.,Her presence at the wedding was very expected.,0
The boy moves as swiftly as a minnow swimming downstream,The boy moves with great swiftness.,The boy is very slow.,0
The horse has the staying power of a three-legged dog,The horse has little endurance.,The horse has lots of endurance.,0
The cake is a wet sponge,The cake is moist.,The cake is dry.,0
The book has the colors of a Fisher-Price kaleidoscope,The book is colorful.,The book is dull and lacks color.,0
The gossip was as juicy as A peach,The gossip was entertaining.,The gossip was boring.,0
Cats are scratches come to life,Cats are violent.,Cats are friendly.,0
This party has the electricity of a field of solar panels,The party is popping.,The party is boring.,0
Raising a teenager is playing craps against a table with rigged dice,Raising a teenager is fraught with impossible risks.,Raising a teenager is a pleasant surprise.,0
The math test was as simple as boiling pasta,The math test was a cinch.,The math test was very difficult.,0
The pills have the chalkiness of a sidewalk a dozen kids have drawn on,The pills are very chalky.,The pills aren't at all chalky.,0
My life is a circus and I am the freak show,I am a freak.,I control my life.,0
The painting is as random as a roll of dice,Anything goes; it is haphazard.,It is well thought out and systematic.,0
This life is a raging storm,This life is a crazy place to live in.,"This life is filled with good and bad things, happy and sad moments.",0
His mother gave him the respect of a king,His mothe respected him.,His mother disrespected him.,0
JON IS A HAS A MIND LIKE A SIEVE,JON IS A FOOLISH PERSON.,JON IS A KNOWLEDGEABLE PERSON.,0
The security team is effective as fighting a wildfire with a watergun,The security team is useless.,The security team is very effective.,0
He floats like a fish,He floats very well.,He doesn't float at all.,0
The movie has the charm of a blind date with a wild boar,The movie is not charming.,The movie is charming.,0
The movie has the depth of the brain function of the president of the Flat Earth Society,The movie is boring.,The movie is profound.,0
This new book is as profound as a Miltonian epic,"The book shows psychological depth, lyrical poetry, and appeal of a classic work of literature.",The book is simplistic and amateurish.,0
Those two get along like a cold and vitamin-C,They get along really poorly.,They get along really well.,0
The sisters were ribbons and bows,The sisters got along together.,The sisters did not mix well with each other.,0
The razor has the cutting power of a cartoon cat's claws,The razor cuts well.,The razor can barely cut at all.,0
"He was a d20 that always rolled a ""1.""",He was unlucky.,He was lucky.,0
The high student has as many things on her to-do list as a business executive,The high school student has a to-do list that's packed.,The high school student doesn't have much on her to-do list.,0
The road is thick fudge,The road is muddy.,The road is icy.,0
His love was a many forked road,His love was spread to many.,His love was straight and true.,0
The spa has the charm of a stink bug,The spa lacks amenities.,The spa is enjoyable.,0
This water is as clear as the La Brea Tar Pits,The water is very murky.,The water is very clear.,0
I'm as lively as a three year old before bedtime,I'm excited.,I'm tired.,0
The girl's personality is flat soda,The girl has a boring personality.,The girl has a bubbly personality.,0
The sky is as clear as ink,The sky is dark and cloudy.,The sky is bright and clear.,0
He had the moral values of a bloodthirsty vampire,He had no moral values.,He had a tremendous amount of moral values.,0
The man has the addiction of an alcoholic who's just discovered beer comes in not just cans but easily concealed bottles,The man's addiction is severe.,The man's addiction isn't very bad.,0
I've got the memory of an elephant,The person has a great memory.,The person has a really bad memory.,0
The dancer landed her jump with the grace of a cat,The dancer landed her jump gracefully.,The dancer landed her jump with a thud.,0
Her hair was as strong as Her wedding ring,Her hair was strong as metal.,Her hair was brittle.,0
He had the energy of a powerline,He had lots of energy.,He didn't have much energy.,0
He had funnels in his ears throughout the lecture,He did pay attention.,He did not pay attention.,0
His book was as hard to navigate as an Ikea,The book was hard to finish.,The book was easy to finish.,0
The sculpture has the fragility of a cannon made of gladd,It's likely to break.,It's practically unbreakable.,0
She sings like a bird,She sings well.,She can't sing.,0
The musician plays like as good as A gerbil,He plays badly.,He plays well.,0
The girl's temperament is a balloon,The girl is easily provoked.,The girl has a steady temperament.,0
Fame is as fleeting as A mosquito life span,Fame expires quickly.,Fame lasts a long time.,0
Ex friends calling you are as transparent as skyscraper glass windows,You can see through old friends contact attempts.,You have no idea why old friends contact you.,0
The poem was as romantic as a love-letter,The poem was very sweet and romantic.,The poem wasn't romantic at all.,0
The girl has the gracefulness of a military platoon,The girl doesn't have any grace.,The girl is very graceful.,0
The girl's facial expression was as clear as pea soup,The girl's facial expression was somewhat murky.,The girl's facial expression was obvious.,0
The old woman was a rocket,"The old woman was feisty, fiery, energetic, kinetic.",The old woman was still and unmovable.,0
Winning this video game is as easy as giving candy to a child,Winning this game is so easy.,Winning this game is close to impossible.,0
The car ride was as smooth as paper,The car ride went very smoothly.,The car ride was very bumpy.,0
The soup was as spicy as cinnamon hots,The soup was fiery in flavor.,The soup wasn't spicy at all.,0
He has the personality of a wet noodle,He has a flat and boring personality.,Rogers. He has a sweet and friendly personality.,0
He hustles like rent was due three days ago,He hustles hardcore.,He doesn't hustle at all.,0
The illusion has the convincibility of walking into a house and not seeing a ghost,The illusion is quite convincing.,The illusion is not convincing at all.,0
The dog has nerves of steel,The dog is fearless and unbothered.,The dog is easily upset and scared.,0
The movie has the humor of a funeral,The movie is sad.,The movie is funny.,0
The groom was feeling like a pig in mud,The groom was happy.,The groom was sad.,0
The win was as satisfying as a bowl of chicken soup,The win was perfectly satisfying.,The win wasn't satisfying at all.,0
She had all the honesty of a corporate lawyer,She wasn't very honest.,She was very honest.,0
The dress was as pretty as a picture,The dress was good looking.,The dress was ugly.,0
My friend is as loyal as a pack of hyenas,My friend is a backtabber.,My friend would take a secret to the grave.,0
Her eyes were cold rain down your collar,Her eyes made him feel uncomfortable.,Her eyes were comforting.,0
He has the villainy of Hitler on methamphetamine,He is quite the villain.,He's not very villainous.,0
The inflation rate these days is a horse running out of a stable,Inflation has gotten out of control.,Inflation is under control.,0
She is as dull as a knife,She is intelligent.,She is unintelligent.,0
The man was as handsome as a physician in a white coat,The man looked sharp.,The man was plain-looking.,0
The witness is like Like an old broom,They know about all the dirt.,They don't give up anything easily.,0
Her love was as valuable as The feseral reserve,He cherished her love.,She was not worth much to him.,0
The pants were as torn as a drunk's liver,The pants were messed up.,The pants were well put togther.,0
He cooked like a bomb-diffuser,He was precise in his way of cooking.,He was bad at cooking.,0
The girl was as down-to-earth as a Michelin-starred canape,The girl was not down-to-earth at all.,The girl was very down-to-earth.,0
The conversation has me sweating like a snowman in the summer,The conversation is intense.,The conversation is boring.,0
"The camel had the humps of Fergie as she depicts herself in the song ""My Humps""","The camel has big, mighty humps.",The camel is flat and lacks humps.,0
The school was full of young monkeys,The school was full of energetic children.,"The school was full of slow, lethargic children.",0
The pilot flew like a ballet dancer,The pilot flew in a restrained way.,The pilot flew in a creative way.,0
She swam like a cat,She didn't swim well.,She swam very well.,0
His depression was a gaping hole inside his heart,His depression weighed deeply inside of him and left him feeling alone.,Everyone in the room was aware of his depression and getting warning signs from it.,0
The girl treats her friends like Prada,The girl treasures her friends.,The girl treats her friends poorly.,0
My house is a castle,My house is elegant and proud.,My house is a mess.,0
This structure is as permanent as stone,The structure will last.,The structure will not last long.,0
This court trial is as fair as playing chess with a robot,The court trial is unfair.,The court trial is very fair.,0
The job is as easy as tying your shoes,The job is quite easy and almost everyone can do it.,The job is difficult.,0
Her house was clean like it had been cleaned by the servants of a violent king,The house was meticulously clean.,The house wasn't clean at all.,0
The party was as fun as paying electricity bills,The party was very boring.,The party was really fun.,0
The victory was like getting wet in a thunderstorm,The victory was too easy.,The victory was very hard-fought.,0
"To the audience, Sara's speech was bitter tea","To the audience, Sara's speech was hurtful.","To the audience, Sara's speech was pleasant.",0
The line move as fast as a scared cat,The line moves quickly.,The line moves slowly.,0
He is as loud as a teenager sneaking back into the house after curfew,He is quiet.,He is loud.,0
The crowd's reaction to the performance fizzled like fireworks,The crowd was enthusiastic.,The crowd was unenthusiastic.,0
The woman's back is a snake,The woman's back is wavy.,The woman's back is straight.,0
His heart is as light as a feather,He is guilt free and happy.,He is cold and heartless.,0
His life lasted as long as a butterfly,His life lasted only a short amount of time.,His life lasted a very long time.,0
Her morals were soggy cereal,Her morals were flexible.,Her morals were inflexible.,0
The list was long like a ribbon,The list was long.,The list was short.,0
The assignment was as clear as chocolate pudding,The assignment was hard to understand.,The assignment was easy to understand.,0
This person has the warmth of a desert,The person is kind.,The person is unkind.,0
The fruit has the blueness of a depressed painter's canvas,Th fruit is very blue.,The fruit isn't blue at all.,0
The CEO had the integrity of a politician,The CEO is dishonest.,The CEO is honest.,0
Love is mysterious like magic,Love cannot always be explained (in a good way).,Love is trouble.,0
He has the physique of a god,He's muscular and strong.,He's flimsy and weak.,0
He has all the rationality of the Joker from Batman comics,He lacks rationality.,He's quite rational.,0
The jumper leaped as high as a grasshopper,The jumper jumped high.,The jumper didn't jump high.,0
He's as ready as a steam engine,He's fully ready.,He's not ready at all.,0
The worker has the discipline of a wise chess master,The worker had great discipline.,on Christmas morning. The worker has little discipline.,0
My coffee is as hot as the center of the earth,The coffee is hot.,The coffee is not hot.,0
The mall was a big as Downtown Chicago,The mall was expansive.,The mall was cramped.,0
His head was filled with molasses,He wasn't very bright.,He was very smart and had a lot of good ideas.,0
He was as sturdy as a brick house,"He's resiliant, very sturdy.","He's not sturdy, in fact he's easily knocked down.",0
The girl is as reliable as an SUV,The girl can definitely be relied upon.,The girl isn't reliable at all.,0
His argument is teflon,His argument is weak.,His argument is strong.,1
She was sleepy like a speed addict,She was sleepy.,She was not sleepy.,1
Owning a cat is an extended visit by your favorite aunt,Owning a cat is not pleasant.,Owning a cat is quite sweet.,1
You're about as skinny as a pig,You are very skinny.,You are fat.,1
The movie has as much mystery as Cleopatra's tomb,The movie isn't mysterious at all.,The movie has a lot of mystery to it.,1
He dove with all the grace of an anchor,He dove well.,"He dove poorly, and sank as he hit the water.",1
The student was as ashamed as a stock broker in debt,He was proud.,He was embarrassed.,1
I like this project as much as I like my game,The project is unlikeable.,The project is likeable.,1
He should be back before the sun implodes,He will be back quickly.,He will be back slowly.,1
The food has all the flavor of dried sugar-free oatmeal,The food has a ton of flavor.,The food is pretty bland.,1
The weightlifter has the strength of a dung beetle,The weightlifter is weak.,The weightlifter is powerful.,1
The teacher was as successful in her occupation as a lame-duck President,"The teacher was inventive, at the forefront of her occupation, and highly successful.","The teacher was unsuccessful, basically useless in getting anything accomplished.",1
The water is as clear as coke,The water is clean.,The water is dirty.,1
The movie has the depth of a wading pool,The movie is profound.,The movie is vapid.,1
His mind was a bouncy ball,His thinking is rigid and mathematical.,His thinking is frenetic and open.,1
The night was as rowdy as a senior home,The night was very rowdy.,The night was very dull.,1
Her gaze is a disco ball,Her gaze is focused.,Her gaze is diffuse.,1
The bath was as hot as the ocean,The bath was very hot.,The bath was not hot.,1
My depression these days is like a close friend,The speaker hates their depression but has not had to deal with it in a while.,The speaker deals with their depression so constantly that they have grown used to it.,1
The Christmas tree is as bright as nightlight in the middle of the day,It's very bright.,It's quite dim.,1
The lawn mower has the power of Edward Scissorhands,The lawn mower doesn't work well.,The lawn mower cuts efficiently.,1
The song has the melody of nails on a chalkboard,The song has a beautiful melody.,The song has a very unpleasant melody and sound.,1
Her eyes reflected a sparkle like that of a roach,Her eyes were bright and shiny.,Her eyes were blank.,1
The temperature feels like outer space,The temperature is extremely hot.,The temperature is freezing cold.,1
The pills have the chalkiness of a warm cup of milk,The pills are very chalky.,The pills aren't at all chalky.,1
When the morning is tough sip your hot coffee and watch the news,Do not let one bad thing ruin your whole day.,Look at the world others are having a much rougher day.,1
"She's as attractive as bacon, steak, beer and football after sleeping in on a Sunday",She is ugly.,She is beautiful.,1
The view as as clear as mud,The view was very clear.,The view as obstructed and not clear.,1
The board game requires the strategy of an embryo turned newborn,The board game requires a lot of strategy.,The board game requires almost no strategy.,1
This guy has the charisma of a Greek god,"This guy is bland and boring, with no appeal.",This guy is incredibly appealing to the point of being legendary.,1
The gambling at the casino had all the excitement of A fast-paced football game,The gambling at the casino was boring.,The gambling was exciting and entertaining.,1
Her wit was a sharp as a marble,She was extremely witty.,She was dull at the best of times.,1
Time is a river,You can't change the future.,You can change the future.,1
This place is as hot as Syberia in winter,This place is so hot it could burn you.,This place is actually extremely cold.,1
The movie has the depth of the roots of a daisy,The movie is epic.,The movie lacks plot.,1
The meal was like a horror movie,The meal was invigorating.,The recipient dreaded what came next while eating.,1
He was as sharp as a cat's claw,He was not very smart.,He was very smart.,1
The racetrack was as slippery as carpet,The track was very slippery.,The track was not slippery.,1
She has the personality an A discoball,She is boring and lame.,She is colorful and fun.,1
He has the money of Mr,Burns. He has a lot of money.,Magoo after mistaking a post-it notepad for his wallet. He has almost no money.,1
The TV eats the electricity of an old wristwatch,It uses a lot of power.,It draws very little power.,1
He has the attitude of the Grinch at Halloween,He has a bad attitude.,He's got a good attitude.,1
Comedy is a rainstorm,Comedy is good.,Comedy is bad.,1
He's as country as Manhattan,He's very country.,He's not very country at all.,1
The Brain is a Prism,Brain is hypersensitive and connects many things.,Brain take one input and gives multiple output.,1
The book plot was as straightforward as uncombed hair,The book plot was very straightforward.,The book plot was very twisted.,1
The cake is as moist as the surface of Mercury,It's very moist.,It's incredibly dry.,1
The lion has the roar of mosquito flying down a busy street,The lion's roar is loud.,The lion's roar is bately audible.,1
The music was as loud as a bumblebee,The music was loud.,The music was quiet and soft.,1
School is a prison,School is rowdy and entertaining.,School is full of restraint.,1
He has the morality of the snake in the Garden of Eden,He is very moral.,He lacks morality.,1
He was as inconspicuous as a peacock,He was very inconspicuous.,He was highly conspicuous and noticeable.,1
Life is a God's will,It is a learning experience.,It is predisposed.,1
That complex was a standing Achilles,The complex is strong.,The complex has a noticeable weak point.,1
He had the wisdom of a turnip,He was wise.,He was ignorant.,1
The running dog is A stranger on the street,The running dog is man's best friend.,The running dog avoids people.,1
The game has all the challenge of walking to the bathroom first thing in the morning,The game is fairly challenging.,The game lacks challenge.,1
Riding a motorcycle is as dangerous as walking down the street,Riding a motorcycle is very dangerous.,Riding a motorcycle isn't any more dangerous than doing normal everyday things.,1
She had the anger of a nap,She was an angry person.,She was an evenhanded person.,1
"For the nation, their army was a a sword",The army protected the country.,The army harmed other countries.,1
My professor is a great story teller,My professor's lecture is so boring that it puts me to sleep.,My professor's lecture is so interesting that makes me keep wanting to listen to her.,1
The park has all the appeal of a free triple scoop ice cream cone on a hot day,The park is disgusting.,The park is enticing.,1
This actor has the dynamism of an electrical substation,This actor is not dynamic.,This actor is extremely dynamic.,1
It's as loud as the vacuum of space,It's very loud.,It makes no noise at all.,1
This football game is like a blue starfish,This football game is full of action.,This football game is moving slowly.,1
Her skin was a a carribean beach,Her skin was red and splotchy.,Her skin was pale and clean.,1
After a workout he had as much energy as A wind up toy car,He had a lot of energy.,He had very little energy.,1
Their love is as deep as a thimble,They are madly in love.,They're not in love.,1
Her greeting had the warmth of a snuffed out candle,Her greeting was affectionate and genuine.,Her greeting was indifferent and fake.,1
The girl lies as much as Jesus,The girl lies all the time.,The girl never lies.,1
The cougar had the dangerousness of a goldfish in a kiddie pool,The cougar is quite dangerous.,The cougar isn't too dangerous.,1
The girl's dress pattern was as uniform as a checkerboard,The girl's dress pattern was highly varied.,The girl's dress pattern was highly uniform.,1
She was as bright as obsidian,She was intelligent.,She was unintelligent.,1
The writer was about as quiet as a cricket on a summer night,The writer is very quiet.,The writer is noisy.,1
His anger was as visible as a piece of thin glass,It was very clear that he was angry.,His anger was very well hidden.,1
The night sky was as dark as a milky latte,The night sky was pitch black.,The night sky was very light.,1
The inflation rate these days is a pig in a pen,Inflation has gotten out of control.,Inflation is under control.,1
It was as melodious a colicky baby,It was melodious.,It was not melodius.,1
He has the nose of an elephant with a sinus infection,His nose is good looking.,His nose looks ugly.,1
His fear was that of a farm pig facing down a bowl of slop,He had a lot of fear.,He has no fear.,1
Love is rain on your beach vacation,Love is awesome.,Love is terrible.,1
The bottle was thin like a brick wall,The bottle was thin.,The bottle wasn't thin.,1
He feels the love of the devil to everything good,He feels a lot of love.,He feels little love.,1
He had the air of a church leader,People were intimidated by him.,People were not intimidated by him.,1
George moved like a chicken with its head cut off,George was very focused.,George lacked proper focus in the way he conducted himself.,1
The ceiling fan has the capacity of a whirling dervish,The fan has poor circulation.,The fan circulates efficiently.,1
He's as rich as MC Hammer in the '90s,He has a lot of money.,He does not have a lot of money.,1
Her love was as valuable as Dime store candy,He cherished her love.,She was not worth much to him.,1
My wife's cooking tastes like heaven,My wife is a terrible cook.,My wife is an excellent cook.,1
His new car has as much power as Chernobyl today,The car has lots of power.,The car is so low in power it's not working.,1
The pool's as shallow as a black hole,The pool is shallow.,The pool is very very deep.,1
The blanker provides the warmth of an open refrigerator,The blanket provides a lot of warmth.,The blanket provides little warmth.,1
"To her, facts are like flagstones","To her, facts are confusing and hard to navigate in.","To her, facts are easily see and used to guide.",1
The blimp was as light as stone,The blimp was very light.,The blimp was heavy.,1
The girl is as shallow as the Pacific Ocean,The girl is really shallow.,The girl has a lot of layers to her.,1
Her devotion to her family was as strong as a kitten,She is strongly devoted to her family.,She is only weakly devoted to her family.,1
The city was as big as a island,The city was very big.,The city was very small.,1
I was as hungry as a man after Thanksgiving dinner,I was famished.,I was full.,1
The bowl is a durable baby turtle,The bowl is very durable.,The bowl is fragile.,1
The patient's blood vessels are a closet hallway,Blood is flowing smoothly.,Blood is being blocked.,1
Chromosomes are like a tapestry,Chromosomes are messy.,Chromosomes are well organized.,1
This cup had the filth of a brand new dishwasher,It is quite dirty.,It's clean as can be.,1
The departmental store manager has the heart hard as nails,The departmental store manager is kind and friendly.,"The departmental store manager is unfriendly, cruel and unkind.",1
Jane was a friend as good as The smell of stale cigarette smoke,Jane was a comforting friend.,Jane was stagnant as a friend.,1
Her hair had the volume of a limp rag,Her hair had a lot of volume.,Her hair lacked volume.,1
The sweater had the stripes of a horse wearing a polka dot shirt,The sweater had many stripes.,The sweater was lacking in stripes.,1
The grass was the green of puke,The grass was healthy and bright green.,The grass was dying and ugly green.,1
The tactic is as complex as Calculus,"The tactic is simple, easy to figure out.",The tactic is complex and involves many steps.,1
The person was cold as As fish swimming under frozen ice,The person is very cold.,"The person is cold, but used to it and thriving.",1
The officer has the training of a newborn goldfish,The officer is well trained.,The officer has little training.,1
The boy is a ballerina,The boy is clumsy.,The boy is graceful.,1
The toothbrush has the firmness of a brown banana,The toothbrush is very firm.,The toothbrush lacks firmness.,1
The bar is a cat's jump away,The bar is far away.,The bar is close by.,1
World peace is a family dinner where no one fights,World peace is an unattainable ideal.,"World peace is a good, if unexpected, thing.",1
Things around here are about as orderly as a gulag,Things around there are not orderly at all.,Things around there are extremely orderly.,1
This guy has the pleasantness of a tiger,This guy is nice.,This guy is rude.,1
The panda has the spots of a rubber duck,The panda is very spotted.,The panda lacks spots.,1
The relationship between Democrats and Republicans is that over a couple married for 50 years,Democrats and Republicans do not get along.,Democrats and Republicans tolerate each other.,1